Best Thing to Eat in Every Country,
China,Peking Duck
India,Khichdi
United States,Apple Pie
Indonesia,Nasi Goreng
Pakistan,Nihari
Brazil,Feijoada
Nigeria,Jollof Rice
Bangladesh,Hilsa Curry
Russia,Pelmeni
Mexico,Chilaquiles
Japan,Sushi
Ethiopia,Doro Wat
Philippines,Adobo
Egypt,Koshari
Vietnam,Pho
Democratic Republic of the Congo,Poulet a la Moambe
Germany,Sauerbraten
Turkey,Lukum
Iran,Chelow Kabab
Thailand,Tom Yam Goong
France,Pot-au-feu
Italy,Bolognese
South Africa,Bobotie
Tanzania,Mandazi
Myanmar,Mohinga
England,Bangers and Mash
Kenya,Nyama Choma
Republic of Korea (South Korea),Kimchi
Colombia,Bandeja Paisa
Spain,Paella
Argentina,Asados
Uganda,Matoke
Ukraine,Salo
Algeria,Couscous
Sudan,Aseeda Dukun
Iraq,Masgouf
Afghanistan,Kabuli Palaw
Poland,Bigos
Canada,Poutine
Morocco,Couscous
Saudi Arabia,Al Kabsa
Uzbekistan,Shurpa
Peru,Ceviche
Malaysia,Nasi Lemak
Angola,Muamba de Galinha
Ghana,Fufu and Goat Light Soup
Mozambique,Peri-Peri
Yemen,Saltah
Nepal,Dal-bhat-tarkari
Venezuela,Pabellon Criollo
Madagascar,Romazava
Cameroon,Ndolé
Cote d'Ivoire (Ivory Coast),Fufu
North Korea,Kimchi
Australia,Roast Lamb
Niger,Djerma Stew
Sri Lanka,Rice and Curry
Burkina Faso,Riz au Gra
Mali,Capitaine Sangha
Romania,Sarmale
Chile,Curanto
Malawi,Nsima
Kazakhstan,Besbarmak
Zambia,Chikanda
Guatemala,Pepian
Ecuador,Ceviche
Netherlands,Hollandse Nieuwe
Syria,Kibbeh
Cambodia,Fish Amok
Senegal,Thiéboudienne
Chad,Courgettes with Peanuts
Somalia,Sambusa
Zimbabwe,Nhedzi Soup
Guinea,Poulet Yassa
Rwanda,Brochettes
Benin,Kuli-Kuli
Tunisia,Brik
Burundi,Mealie
Belgium,Moules-frites
Bolivia,Salteñas
Cuba,Ropa Vieja
Haiti,Griot
South Sudan,Kuindiong
Dominican Republic,La Bandera
Czech Republic,Knedlíky
Greece,Moussaka
Portugal,Bacalhau a Gomes de Sa
Jordan,Mansaf
Azerbaijan,Plov
Sweden,Kottbullar med Graddsas
United Arab Emirates,Shawarma
Honduras,Plato Típico
Hungary,Goulash
Belarus,Draniki
Tajikstan,Qurutob
Austria,Wienerschnitzel
Papua New Guinea,Mumu
Serbia,Gibanica
Switzerland,Raclette
Israel,Falafel
Togo,Djenkoume
Sierra Leone,Saka Saka
Laos,Laap
Paraguay,Sopa Paraguaya
Bulgaria,Shopska Salad
Lebanon,Kibbeh
Libya,Couscous
Nicaragua,Gallo Pinto
El Salvador,Pupusas
Kyrgyzstan,Beshbarmak
Turkmenistan,Pilav
Singapore,Hainanese Chicken Rice
Denmark,Stegt Flæsk med Persillesovs
Finland,Reikäleipä
Slovakia,Bryndzové Halusky
Republic of the Congo,Poulet Mwambe
Scotland,Haggis
Norway,Farikal
Costa Rica,Gallo Pinto
Palestine,Musakhan
Oman,Majboos
Liberia,Dumboy
Ireland,Boxty
New Zealand,Hangi
Central African Republic,Foutou
Mauritania,Thieboudienne
Panama,Sancocho
Kuwait,Machboos
Croatia,Manistra na Pome
Moldova,Mamaliga
Georgia,Khinkali
Eritrea,Zigini
Uruguay,Chivito
Bosnia and Herzegovina,Cevapi
Mongolia,Buuz
Wales,Welsh Rarebit
Armenia,Khash
Jamaica,Ackee and Saltfish
Albania,Tavë Kosi
Qatar,Machbus
Lithuania,Cepelinai
Namibia,Oshifima
Gambia,Domoda
Botswana,Seswaa
Gabon,Poulet Nyembwe
Lesotho,Pap-Pap
North Macedonia,Tavce Gravce
Slovenia,Prekmurska Gibanica
Guinea-Bissau,Egusi Soup
Latvia,Karbonade
Northern Ireland,Soda Bread
Bahrain,Chicken Machboos
Trinidad and Tobago,Callaloo
Equatorial Guinea,Succotash
Estonia,Verivorst
Timor-Leste (East Timor),Caril de Galinha
Mauritius,Dholl Puri
Cyprus,Koupepia
Eswatini,Sishwala
Djibouti,Skudahkharis
Fiji,Tavioka
Comoros,Langouste a la Vanille
Guyana,Pepperpot
Bhutan,Ema Datshi
Solomon Islands,Poi
Montenegro,Kacamak
Luxembourg,Judd mat Gaardebounen
Suriname,Moksi-alesi
Cabo Verde,Cachupa
Micronesia,Kón
Maldives,Garuthiya
Malta,Stuffat Tal-Fenek
Brunei,Ambuyat
Belize,Rice, Beans and Stewed Chicken
Bahamas,Conch
Iceland,Hákarl
Vanuatu,Laplap
Barbados,Cou Cou
Sao Tome and Principe,Calulu de Peixe
Samoa,Palusami
Saint Lucia,Saltfish
Kiribati,Palusami
Grenada,Oil Down
Saint Vincent and the Grenadines,Fried Jack Fish and Breadfruit
Tonga,Lu Kapa Pulu
Seychelles,Kari Sousouri
Antigua and Barbuda,Fungie
Andorra,Escudella
Dominica,Callaloo
Marshall Islands,Chukuchuk
Saint Kitts and Nevis,Saltfish
Monaco,Barbagiuan
Liechtenstein,Käseknöpfle
San Marino,Torta Tre Monti
Palau,Tinola
Tuvalu,Pulaka
Nauru,Coconut Fish
Vatican City,Fettuccine alla Papalina
