Note,
Afghanistan ,Kabuli Pulao
Algeria ,Couscous
Australia ,Meat Pie
Austria ,Wiener Schnitzel
Azerbaijan ,Plov
Bangladesh ,Fish and Rice
Belgium ,Moules-frites
Belize ,Belizean Rice and Beans
Bosnia & Herzegovina ,Ćevapi
Brazil ,Feijoada
Canada ,Poutine
Chile ,Pastel de Choclo
China ,Peking Duck
Costa Rica ,Gallo Pinto
Cuba ,Ropa Vieja
Denmark ,Frikadeller
Ecuador ,Ceviche
Traditional Roast Beef Dinner,
Fish & Chips,
Chicken Tikka Masala,
Equatorial Guinea ,Succotash
France ,Crêpe
Georgia ,Khachapuri
Germany ,Sauerbraten
Greece ,Moussaka
Hungary ,Goulash
Biryani,
Tandoori Chicken,
Masala Dosa,
Indonesia ,Nasi Goreng
Iran ,Chelo Kebab
Ireland ,Irish Stew
Israel ,Falafel
Lasagna,
Pizza,
Polenta,
Ivory Coast ,Aloco
Japanese Curry,
Japanese Sushi,
Ramen,
Laos ,Larb
Latvia ,Grey Peas, Bacon, and Onion
Lebanon ,Kibbeh
Malaysia ,Nasi Lemak
Mauritius ,Dholl Puri
Mexico ,Taco
Monaco ,Barbagiuan
Moldova ,Mămăligă
Morocco ,Tagine
Nepal ,Dal Bhaath
Netherlands ,Stamppot
New Zealand ,Pavlova
Nicaragua ,Gallo Pinto
North Korea ,Kimchi
Peru ,Ceviche
Philippines ,Chicken Adobo
Poland ,Bigos
Russia ,Pelmeni
Scotland ,Haggis
Singapore ,Hainanese Chicken Rice
Spain ,Paella
Sri Lanka ,Rice and Curry
Sweden ,Swedish Meatballs
Switzerland ,Rösti
Syria ,Kibbeh
Taiwan ,Beef Noodle Soup
Thailand ,Pad Thai
Tunisia ,Couscous
Turkey ,Döner Kebab
Ukraine ,Borscht
United Arab Emirates ,Shawarma
Hamburger,
Hot Dog,
Mac ‘n’ Cheese,
Uzbekistan ,Plov
Vietnam ,Pho
Bahamas ,Crack Conch with Peas and Rice
Bahrain ,Chicken Machboos
Barbados ,Cou Cou and Flying Fish
Benin ,Kuli Kuli
Bhutan ,Ema Datshi
Brunei ,Ambuyat
Cambodia ,Amok Trey
Cameroon ,Ndolé
Cape Verde ,Cachupa
Colombia ,Bandeja Paisa
Comoros ,Langouste a la Vanille
Dominican Republic ,La Bandera
Egypt ,Kushari
Estonia ,Verivorst
Ghana ,Fufu
Guyana ,Pepperpot
Haiti ,Fried Pork with Rice and Beans
Honduras ,Plato Tipico de Honduras
Hong Kong ,Dim Sums
Iceland ,Hákarl
Jordan ,Mansaf
Kazakhstan ,Beshbarmak
Kenya ,Ugali
Kuwait ,Machboos
Lesotho ,Papa
Libya ,Cuscus Bil-Bosla
Liechtenstein ,Käsknöpfle
Luxembourg ,Judd mat Gaardebounen
Madagascar ,Romazava
Norway ,Farikal
Pakistan ,Nihari
Portugal ,Bacalhau
Senegal ,Thieboudienne
Slovakia ,Bryndzové halušky
Uganda ,Matoke
Venezuela ,Pabellón criollo
Yemen ,Saltah
Get Updates Right to Your Inbox,
Further Insights,
Search,
Latest Articles,
